trackId,description,img_url
1,"The Albert Park Circuit is a motorsport street circuit around Albert Park Lake, three kilometres south of central Melbourne. It is used annually as a circuit for the Formula One Australian Grand Prix, the supporting Supercars Championship Melbourne 400 and other associated support races. The circuit has an FIA Grade 1 license.[3]",//upload.wikimedia.org/wikipedia/commons/thumb/0/0a/Albert_Park_Circuit_2021.svg/220px-Albert_Park_Circuit_2021.svg.png
2,"The Sepang International Circuit (Malay: Litar Antarabangsa Sepang) is a motorsport race track in Sepang, Selangor, Malaysia. It is located approximately 45 km (28 mi) south of Kuala Lumpur, and close to Kuala Lumpur International Airport. It hosted the Formula One Malaysian Grand Prix between 1999 and 2017, and is also the venue for the Malaysian Motorcycle Grand Prix, the Malaysia Merdeka Endurance Race and other major motorsport events.",//upload.wikimedia.org/wikipedia/commons/6/67/Sepang.svg
3,"The Bahrain International Circuit (Arabic: حلبة البحرين الدولية, romanized: Ḥalba al-Baḥrayn ad-Dawliyya) is a 5.412 km (3.363 mi) motorsport venue opened in 2004 and used for drag racing, GP2 Series (now FIA Formula 2), and the annual  Formula One Bahrain Grand Prix. The 2004 Grand Prix was the first held in the Middle East. Beginning in 2006, Australian V8 Supercars raced at the BIC, with the event known as the Desert 400. However, the V8 Supercars did not return for the 2011 V8 Supercar season. 24 Hour endurance races are also hosted at BIC.[1] The circuit has a FIA Grade 1 license.[2] The circuit also has multiple layouts.",//upload.wikimedia.org/wikipedia/commons/2/29/Bahrain_International_Circuit--Grand_Prix_Layout.svg
4,"The Circuit de Barcelona-Catalunya is a 4.675 km (2.905 mi) motorsport race track in Montmeló, Barcelona, Catalonia, Spain. With long straights and a variety of corners, the Circuit de Barcelona-Catalunya is seen as an all-rounder circuit. The track has stands with a capacity of 140,700.[1] The circuit has FIA Grade 1 license.",//upload.wikimedia.org/wikipedia/commons/thumb/2/26/Formula1_Circuit_Catalunya_2021.svg/250px-Formula1_Circuit_Catalunya_2021.svg.png
5,"Intercity Istanbul Park (Turkish: İstanbul Park), also known as the Istanbul Racing Circuit or initially as the Istanbul Otodrom, is a motor sports race track in the Tuzla district of Istanbul, Turkey. It was designed by the well-known racetrack architect Hermann Tilke and was inaugurated on 19–21 August 2005. It has been called ""the best race track in the world"" by former Formula One Chief Executive Bernie Ecclestone, who held the managing rights of the circuit between 2007 and 2011.[4][5][6] The circuit has been currently managed by the Turkish company Intercity since 2012.[7]",//upload.wikimedia.org/wikipedia/commons/5/5d/Istanbul_park.svg
6,"Circuit de Monaco is a 3.337 km (2.074 mi) street circuit laid out on the city streets of Monte Carlo and La Condamine around the harbour of the Principality of Monaco. It is commonly, and even officially,[1] referred to as ""Monte Carlo"" because it is largely inside the Monte Carlo neighbourhood of Monaco.",//upload.wikimedia.org/wikipedia/commons/thumb/3/36/Monte_Carlo_Formula_1_track_map.svg/250px-Monte_Carlo_Formula_1_track_map.svg.png
7,"The Circuit Gilles Villeneuve, also spelled Circuit Gilles-Villeneuve (French pronunciation: ​[siʁ.kɥi ʁʒil vilnœv]), is a 4.361 km (2.710 mi) motor racing circuit in Montreal, Quebec, Canada. It is the venue for the FIA Formula One Canadian Grand Prix. It has previously hosted the FIA World Sportscar Championship, the Champ Car World Series, the NASCAR Pinty’s Series, the NASCAR Xfinity Series and the Grand-Am Rolex Sports Car Series.",//upload.wikimedia.org/wikipedia/commons/thumb/f/f9/%C3%8Ele_Notre-Dame_%28Circuit_Gilles_Villeneuve%29.svg/280px-%C3%8Ele_Notre-Dame_%28Circuit_Gilles_Villeneuve%29.svg.png
8,"It staged the Formula One French Grand Prix from 1991 (succeeding Circuit Paul Ricard) to 2008, and the 24-hour Bol d'Or motorcycle endurance events from 2000 to 2014 (succeeded by Circuit Paul Ricard). It hosted the French motorcycle Grand Prix in 1992, and the Superbike World Championship in 1991 and annually since 2003.",//upload.wikimedia.org/wikipedia/commons/8/87/Circuit_de_Nevers_Magny-Cours.svg
9,"Silverstone Circuit is a motor racing circuit in England, near the Northamptonshire villages of Towcester, Silverstone and Whittlebury. It is the home of the British Grand Prix, which it first hosted as the 1948 British Grand Prix. The 1950 British Grand Prix at Silverstone was the first race in the newly created World Championship of Drivers.[4][5] The race rotated between Silverstone, Aintree and Brands Hatch from 1955 to 1986, but settled permanently at the Silverstone track in 1987. The circuit also hosts the British round of the MotoGP series.",//upload.wikimedia.org/wikipedia/commons/b/bd/Silverstone_Circuit_2020.png
10,"The Hockenheimring Baden-Württemberg (German: [ˈhɔkŋ̍haɪmʁɪŋ ˌbaːdn̩ ˈvʏʁtəmbɛʁk] (listen)) is a motor racing circuit situated in the Rhine valley near the town of Hockenheim in Baden-Württemberg, Germany, located on the Bertha Benz Memorial Route. Amongst other motor racing events, it has hosted the German Grand Prix, most recently in 2019. The circuit has very little differences in elevation. The circuit has an FIA Grade 1 license.[2]",//upload.wikimedia.org/wikipedia/commons/thumb/e/e5/Hockenheim2012.svg/220px-Hockenheim2012.svg.png
11,"The Hungaroring is a 4.381 km (2.722 mi) motorsport racetrack in Mogyoród, Pest County, Hungary where the Formula One Hungarian Grand Prix is held. In 1986, it became the location of the first Formula One Grand Prix behind the Iron Curtain. Bernie Ecclestone wanted a race in the USSR, but a Hungarian friend recommended Budapest.",//upload.wikimedia.org/wikipedia/commons/9/91/Hungaroring.svg
12,"The deal to host the Valencia race was signed on 1 June 2007, and was for seven years.[9] The deal was made between Formula One supremo Bernie Ecclestone and the Valmor Sport group, led by former motorcycle racer Jorge ""Aspar"" Martínez and Villarreal CF's president Fernando Roig. The deal came about despite Ecclestone previously stating that no European country should hold more than one race each year, as there was already a Spanish Grand Prix at the Circuit de Catalunya.",//upload.wikimedia.org/wikipedia/commons/thumb/0/0e/Circuit_Valensia_street.svg/250px-Circuit_Valensia_street.svg.png
13,"The Circuit de Spa-Francorchamps (French pronunciation: ​[siʁkɥi də spa fʁɑ̃kɔʁʃɑ̃]), frequently referred to as Spa,[2][3] is a 7.004 km (4.352 mi) motor-racing circuit located in Stavelot, Belgium. It is the current venue of the Formula One Belgian Grand Prix, hosting its first Grand Prix in 1925, and has held a Grand Prix every year since 1985 (except 2003 and 2006).",//upload.wikimedia.org/wikipedia/commons/5/54/Spa-Francorchamps_of_Belgium.svg
14,"The Monza Circuit (Italian: Autodromo Nazionale di Monza, lit. 'National Automobile Racetrack of Monza') is a 5.793 km (3.600 mi) race track near the city of Monza, north of Milan, in Italy. Built in 1922, it was the world's third purpose-built motor racing circuit after Brooklands and Indianapolis and the oldest in mainland Europe.[dubious  – discuss][7] The circuit's biggest event is the Italian Grand Prix. With the exception of the 1980 running, the race has been hosted there since 1949.[8]",//upload.wikimedia.org/wikipedia/commons/f/f8/Monza_track_map.svg
15,"The Marina Bay Street Circuit (otherwise known as the Singapore Street Circuit) is a street circuit around Marina Bay, Singapore, encompassing the planning areas of Downtown Core (Turns 4 to 23) and Kallang (Turns 1 to 3).[2][3]",//upload.wikimedia.org/wikipedia/commons/thumb/0/06/Marina_bay_circuit.svg/250px-Marina_bay_circuit.svg.png
16,"Fuji Speedway (富士スピードウェイ, Fuji Supīdowei) is a motorsport race track standing in the foothills of Mount Fuji, in Oyama, Suntō District, Shizuoka Prefecture, Japan. It was built in the early 1960s. In the 1980s, Fuji Speedway was used for the FIA World Sportscar Championship and national racing. Originally managed by Mitsubishi Estate Co., Fuji Speedway was acquired by Toyota Motor Corporation in 2000.  The circuit hosted the Formula One Japanese Grand Prix in 2007 after an absence of nearly 30 years, replacing the Suzuka Circuit owned by Honda.[2] After Fuji Speedway hosted the 2008 race, the Japanese Grand Prix returned to Suzuka for races from 2009 onward. The Super GT Fuji 500 km race is held at the racetrack on Golden Week.[3]",//upload.wikimedia.org/wikipedia/commons/thumb/2/2c/Fuji.svg/320px-Fuji.svg.png
17,"The Shanghai International Circuit (simplified Chinese: 上海国际赛车场; traditional Chinese: 上海國際賽車場; pinyin: Shànghǎi Guójì Sàichēchǎng) is a motorsport race track, situated in the Jiading District, Shanghai. The circuit is best known as the venue for the annual Chinese Grand Prix which was hosted from 2004 to 2019 and again from 2023 onwards.",//upload.wikimedia.org/wikipedia/commons/thumb/1/14/Shanghai_International_Racing_Circuit_track_map.svg/250px-Shanghai_International_Racing_Circuit_track_map.svg.png
18,"The Autódromo José Carlos Pace, better known as Interlagos, is a 4.309 km (2.677 mi) motorsport circuit located in the city of São Paulo, in the neighborhood of Interlagos. It was inaugurated on 12 May 1940, by the federal intervener Adhemar de Barros. The traditional name of the circuit and of the neighborhood itself comes from the fact that it is located in a region between two large artificial lakes, Guarapiranga and Billings, which were built in the beginning of the 20th century to supply the city with water and electricity. In 1985 the circuit was renamed to honor the Formula 1 driver José Carlos Pace, who died in a plane crash in 1977. Attached to its facilities there is a Kart circuit named after Ayrton Senna. The circuit runs counterclockwise.",//upload.wikimedia.org/wikipedia/commons/thumb/c/cf/Aut%C3%B3dromo_Jos%C3%A9_Carlos_Pace_%28AKA_Interlagos%29_track_map.svg/260px-Aut%C3%B3dromo_Jos%C3%A9_Carlos_Pace_%28AKA_Interlagos%29_track_map.svg.png
19,"IndyCar SeriesIndianapolis 500 (1911–present)GMR Grand Prix (2014–present)Gallagher Grand Prix (2020–present)NASCAR Cup SeriesVerizon 200 (2021–present)Brickyard 400 (1994–2020)NASCAR Xfinity SeriesPennzoil 150 (2012–present)Intercontinental GT ChallengeIndianapolis 8 Hours (2020–present)Indy LightsFreedom 100 (2003–2019)Grand Prix of Indianapolis (2005–2007, 2014–2019, 2021–present)Sportscar Vintage Racing AssociationIndy Legends Charity Pro–Am race (2014–2019, 2022)GT World Challenge America (2020–present)Ferrari Challenge North America (2000–2002, 2019–2022)Future:IMSA SportsCar ChampionshipIMSA Battle on the Bricks (2014, 2023)Trans-Am Series (2017–2019, 2023)Former:Formula OneUnited States Grand Prix (2000–2007)Indianapolis 500 (1950–1960)Grand Prix motorcycle racingIndianapolis motorcycle Grand Prix (2008–2015)Rolex Sports Car SeriesBrickyard Grand Prix (2012–2013)MotoAmericaMotoAmerica Superbikes at the Brickyard (2015, 2020)FIM eRoad Racing World Cup (2013)Porsche Supercup (2000–2006)",//upload.wikimedia.org/wikipedia/commons/b/bf/Indianapolis_IndycarGP.svg
20,"The Nürburgring is a 150,000 person capacity motorsports complex located in the town of Nürburg, Rhineland-Palatinate, Germany. It features a Grand Prix race track built in 1984, and a much longer Nordschleife ""North loop"" track which was built in the 1920s around the village and medieval castle of Nürburg in the Eifel mountains. The north loop is 20.830 km (12.943 mi) long and has more than 300 metres (1,000 feet) of elevation change from its lowest to highest points. Jackie Stewart nicknamed the old track ""The Green Hell"".[2]",//upload.wikimedia.org/wikipedia/commons/7/76/N%C3%BCrburgring_-_Grand-Prix-Strecke.svg
21,"The Autodromo Internazionale Enzo e Dino Ferrari, better known as Imola, is a 4.909 km (3.050 mi) motor racing circuit in the town of Imola, in the Emilia-Romagna region of Italy, 40 km (25 mi) east of Bologna. It is one of the few major international circuits to run in an anti-clockwise direction. The circuit is named after Ferrari's late founder, Enzo Ferrari (1898–1988), and his son, Alfredo "Dino" Ferrari (1932–1956). Before Enzo's death, it was called Autodromo Dino Ferrari. The circuit has an FIA Grade One license.",//upload.wikimedia.org/wikipedia/commons/2/22/Imola_2009.svg
22,"Soichiro Honda decided to develop a new permanent circuit in Mie prefecture in the late 1950s. Designed as a Honda test track in 1962 by Dutchman John ""Hans"" Hugenholtz, the most iconic feature of the track is its ""figure eight"" layout, with the 1.2 km (0.75 mi) long back straight passing over the front section by means of an overpass. It is one of only two FIA Grade 1 licensed tracks to have a ""figure eight"" layout, the other one being the Fiorano Circuit.",//upload.wikimedia.org/wikipedia/commons/e/ec/Suzuka_circuit_map--2005.svg
24,"The Yas Marina Circuit (Arabic: حلبة مرسى ياس) is the venue for the Abu Dhabi Grand Prix. The circuit was designed by Hermann Tilke,[2][3] and is situated on Yas Island, near Abu Dhabi, the capital of the United Arab Emirates. Yas Marina was the second of four Formula One tracks in the Middle East, with the first being in Bahrain and subsequent tracks in Qatar and Saudi Arabia. A two-day GP2 Asia Series test was held to officially open the circuit, which was held a week before the 2009 Abu Dhabi Grand Prix.[4] It also hosted the opening event for the Australian V8 Supercars series, the Yas V8 400, in February 2010.[5][6] Outside motorsport the circuit was used for the final stage of the inaugural Abu Dhabi Tour cycle race in 2015.[7] The circuit has an FIA Grade 1 license.[8]",//upload.wikimedia.org/wikipedia/commons/thumb/b/b0/Yas_Marina_Circuit.png/250px-Yas_Marina_Circuit.png
25,"The circuit is located in a park in the southern part of the city and is situated on flat lands surrounded by large grandstands, giving most spectators an excellent view area of the whole circuit. The circuit is notable for the large number of alternative layouts to accommodate different forms of racing, with some races run without the twisty infield section, reducing lap times significantly.",//upload.wikimedia.org/wikipedia/commons/thumb/c/c7/Aut%C3%B3dromo_Oscar_y_Juan_G%C3%A1lvez_Circuito_N%C2%B0_6.svg/250px-Aut%C3%B3dromo_Oscar_y_Juan_G%C3%A1lvez_Circuito_N%C2%B0_6.svg.png
26,"Circuito de Jerez – Ángel Nieto (formerly known as Circuit of Jerez and Circuito Permanente de Jerez), is a 4.428 km (2.751 mi) racing circuit located close to the city of Jerez de la Frontera, 90 km (56 mi) south of Seville and deep within the sherry-producing region in the south of Spain. The project was led by the Spanish engineer Manuel Medina Lara, based on a preliminary idea from Alessandro Rocci.",//upload.wikimedia.org/wikipedia/commons/2/26/Jerez_GP_Circuit_2004.png
27,"The Circuito do Estoril or Autódromo do Estoril (Estoril Circuit), officially known as Autódromo Fernanda Pires da Silva, is a motorsport race track on the Portuguese Riviera, outside of Lisbon, owned by state-run holding management company Parpública. Its length is 4.182 km (2.599 mi). It was the home of the Formula One Portuguese Grand Prix from 1984 to 1996. The capacity of the motorsport stadium is 45,000.[1] The circuit has an FIA Grade 1 license.[2]",//upload.wikimedia.org/wikipedia/commons/thumb/3/39/Estoril_track_map.svg/250px-Estoril_track_map.svg.png
28,"As well as hosting racing events, the circuit has rental facilities including bikes and go karts available.",//upload.wikimedia.org/wikipedia/commons/thumb/b/b4/Circuit_TI_%28Aida%29.png/250px-Circuit_TI_%28Aida%29.png
29,"The Adelaide Street Circuit (also known as the Adelaide Parklands Circuit) is a temporary street circuit in the East Parklands adjacent to the Adelaide central business district in South Australia, Australia.",//upload.wikimedia.org/wikipedia/commons/thumb/a/aa/Adelaide_%28short_route%29.svg/240px-Adelaide_%28short_route%29.svg.png
30,"Kyalami Grand Prix Circuit (from Khaya lami, My home in Zulu) is a 4.529 km (2.814 mi) motor racing circuit located in Midrand, Gauteng, South Africa, just north of Johannesburg. The circuit has been used for Grand Prix and Formula One races and has hosted the South African Grand Prix twenty times. Among the Formula One races held at the track the 1977 South African Grand Prix stands out, as it is principally remembered for the fatal accident that claimed the lives of race marshal Frederick Jansen van Vuuren and driver Tom Pryce. In recent years, the area surrounding the circuit has developed into a residential and commercial suburb of Johannesburg. More recently, Kyalami has played host to five rounds of the Superbike World Championship from 1998 to 2002 and later in 2009 and 2010, the season finale of the Superstars Series in 2009 and 2010, and the South African round of the 2008–09 A1 Grand Prix season. International racing returned to the circuit in November 2019, when it hosted the 2019 Kyalami 9 Hours, serving as the season finale of the 2019 Intercontinental GT Challenge.",//upload.wikimedia.org/wikipedia/commons/thumb/a/a4/Text_document_with_red_question_mark.svg/40px-Text_document_with_red_question_mark.svg.png
31,"Originally part of the Donington Hall estate, it was created as a racing circuit during the period between the First and Second World Wars when the German Silver Arrows were battling for the European Championship. Used as a military vehicle storage depot during the Second World War, it fell into disrepair until bought by local construction entrepreneur Tom Wheatcroft. Revived under his ownership in the 1970s, it hosted a single Formula One race in 1993, but became the favoured home of the British round of the MotoGP motorcycling championship.",//upload.wikimedia.org/wikipedia/commons/thumb/8/89/Donington_Park_logo.png/230px-Donington_Park_logo.png
32,"The Autódromo Hermanos Rodríguez is a 4.304 km (2.674 mi) motorsport race track in Mexico City, Mexico, named after the racing drivers Ricardo (1942–1962) and Pedro Rodríguez (1940–1971). The circuit got its name shortly after it opened when Ricardo Rodríguez died in practice for the non-Championship 1962 Mexican Grand Prix. Ricardo's brother Pedro was also killed behind the wheel nine years later. Since 2015, the track has once again hosted the Formula One Mexican Grand Prix, an event it previously hosted in two separate periods on a different layout, the last occasion of which was in 1992.",//upload.wikimedia.org/wikipedia/commons/3/36/Aut%C3%B3dromo_Hermanos_Rodr%C3%ADguez_2015.svg
33,"The Formula One United States Grand Prix was held on the Phoenix street circuit in Phoenix, Arizona, between 1989 and 1991. It was held in downtown by the Phoenix Civic Plaza and the America West Arena, prior to the introduction of the state's baseball stadium, Bank One Ballpark. The United States Grand Prix lasted in Phoenix for three years, but was inexplicably dropped by Formula One management. There were no further Formula One races in the US until the Indianapolis Motor Speedway first held a Grand Prix in 2000.",//upload.wikimedia.org/wikipedia/commons/thumb/5/53/Phoenix_Grand_Prix_Route_-_1989%2C_1990.svg/250px-Phoenix_Grand_Prix_Route_-_1989%2C_1990.svg.png
34,"The Circuit Paul Ricard (French pronunciation: ​[siʁkɥi pɔl ʁikaʁ]) is a French motorsport race track built in 1969 at Le Castellet, Var, near Marseille, with finance from pastis magnate Paul Ricard. Ricard wanted to experience the challenge of building a racetrack. The circuit has hosted the FIA Formula One French Grand Prix intermittently from 1971 to 1983, and every year from 1985 to 1990 as well as from 2018 to 2022.",//upload.wikimedia.org/wikipedia/commons/thumb/f/f2/Le_Castellet_circuit_map_Formula_One_2019_and_2021_with_corner_names_English_19_07_2021.svg/300px-Le_Castellet_circuit_map_Formula_One_2019_and_2021_with_corner_names_English_19_07_2021.svg.png
35,"By 2015, having only hosted four Grand Prix events and relegated to hosting modestly attended local races, the facility has been criticized as a debacle.[4]",//upload.wikimedia.org/wikipedia/commons/thumb/2/29/Korea_international_circuit_v3.svg/260px-Korea_international_circuit_v3.svg.png
36,"The original circuit was built between 1971 and 1977 on the site of the Barra da Tijuca road course, which had itself been built on reclaimed marshland and was operational from 1964 to 1970.[1] It was a relatively flat circuit, with a long pit straight and a longer back straight (which allowed the turbo-engined Formula One cars of the mid-1980s to reach speeds of 300 km/h (190 mph), and numerous mid-speed to slow-speed corners with plenty of room for overtaking. The maximum spectator capacity was 90,000. With the exception of the 1978 race, the Formula One Grand Prixs were held in March or April in Rio's very hot and humid tropical early autumn weather.",//upload.wikimedia.org/wikipedia/commons/thumb/f/f6/Jacarepagu%C3%A1-short_circuit.png/220px-Jacarepagu%C3%A1-short_circuit.png
37,"Created largely in an effort to improve the city's international image, the race meant that the United States would host three Grands Prix in the 1982 season (the other two US races, Long Beach and Las Vegas, had been added to the schedule for similar purposes), the only nation in F1 history to do so until the 2020 season, when Italy also hosted three Grands Prix: Monza, Mugello, and Imola. The inaugural Detroit Grand Prix saw John Watson claim victory after starting in 17th place, the lowest grid position for an eventual race winner on a street circuit. (Watson would break his own record at Long Beach the next year by winning from 22nd place.)",//upload.wikimedia.org/wikipedia/en/thumb/9/99/Question_book-new.svg/50px-Question_book-new.svg.png
38,"Brands Hatch is a motor racing circuit in West Kingsdown, Kent, England, United Kingdom. Originally used as a grasstrack motorcycle circuit on farmland, it hosted 12 runnings of the British Grand Prix between 1964 and 1986 and currently hosts many British and International racing events. The venue is owned and operated by Jonathan Palmer's MotorSport Vision organisation.",//upload.wikimedia.org/wikipedia/en/thumb/f/f2/Edit-clear.svg/40px-Edit-clear.svg.png
39,"Circuit Zandvoort (Dutch pronunciation: [sɪrˈkʋi ˈzɑntˌfoːrt]), known for sponsorship reasons as CM.com Circuit Zandvoort, and previously known as Circuit Park Zandvoort until 2017, is a 4.259 km (2.646 mi) motorsport race track located in the dunes north of Zandvoort, the Netherlands, near the North Sea coast line. It returned to the Formula One calendar in 2021 as the location of the revived Dutch Grand Prix.",//upload.wikimedia.org/wikipedia/commons/thumb/7/78/Zandvoort_Circuit.png/250px-Zandvoort_Circuit.png
40,"The Circuit Zolder, also known as Circuit Terlamen,[citation needed] is an undulating 4.011 km (2.492 mi) motorsport race track in Heusden-Zolder, Belgium.",//upload.wikimedia.org/wikipedia/commons/thumb/2/2f/Circuit_Zolder-2002.svg/220px-Circuit_Zolder-2002.svg.png
41,"Opened in 1972, Dijon-Prenois hosted the Formula One French Grand Prix five times, and the Swiss Grand Prix in 1982. The non-championship 1975 Swiss Grand Prix was also held at Dijon.[1] The circuit currently hosts the Grand Prix de l'Age d'Or, and last hosted the FFSA GT Championship in 2018.",//upload.wikimedia.org/wikipedia/commons/thumb/9/99/Dijon-Prenois_logo.png/200px-Dijon-Prenois_logo.png
42,Fair Park has been designated a Great Place in America by the American Planning Association.[4],//upload.wikimedia.org/wikipedia/commons/thumb/a/a5/Dallas_Fair_Park_Esplanade.jpg/240px-Dallas_Fair_Park_Esplanade.jpg
43,"Long Beach is a city in Los Angeles County, California. It is the 42nd-most populous city in the United States, with a population of 466,742 as of 2020.[10] A charter city,[3] Long Beach is the seventh-most populous city in California.",//upload.wikimedia.org/wikipedia/commons/thumb/3/3a/LBCmontagebytisoy.JPG/250px-LBCmontagebytisoy.JPG
44,"Las Vegas (US: /lɑːsˈveɪɡəs/; Spanish for ""The Meadows""), often known simply as Vegas, is the 25th-most populous city in the United States, the most populous city in the state of Nevada, and the county seat of Clark County. The city anchors the Las Vegas Valley metropolitan area and is the largest city within the greater Mojave Desert.[6] Las Vegas is an internationally renowned major resort city, known primarily for its gambling, shopping, fine dining, entertainment, and nightlife. The Las Vegas Valley as a whole serves as the leading financial, commercial, and cultural center for Nevada.",//upload.wikimedia.org/wikipedia/commons/thumb/9/98/Las_Vegas_Skyline_at_night_North_%287314937576%29.jpg/280px-Las_Vegas_Skyline_at_night_North_%287314937576%29.jpg
45,"Designed by John Hugenholtz (who also created Suzuka), the 3.850 km (2.392 mi) circuit was built by Alessandro Rocci in 1967 on arid scrub land.[citation needed]",//upload.wikimedia.org/wikipedia/commons/thumb/5/5c/Circuito_Permanente_del_Jarama.svg/250px-Circuito_Permanente_del_Jarama.svg.png
46,"Watkins Glen International, nicknamed ""The Glen"", is an automobile race track located in the town of Dix just southwest of the village of Watkins Glen, New York, at the southern tip of Seneca Lake. It was long known around the world as the home of the Formula One United States Grand Prix, which it hosted for twenty consecutive years (1961–1980). In addition, the site has also been home to road racing of nearly every class, including the World Sportscar Championship, Trans-Am, Can-Am, NASCAR Cup Series, the International Motor Sports Association and the IndyCar Series. The facility is currently owned by NASCAR.",//upload.wikimedia.org/wikipedia/en/thumb/b/b4/Ambox_important.svg/40px-Ambox_important.svg.png
47,"The track was built on marshlands in 1968 and became an extremely popular venue in the 1970s, just as Swede Ronnie Peterson was at the height of his career. It has a long straight (called Flight Straight, which is also used as an aircraft runway), as well as several banked corners, making car setup an engineering compromise. Unusually, the pit lane is located halfway round the lap.",//upload.wikimedia.org/wikipedia/commons/thumb/4/4c/Scandinavian_Raceway.svg/260px-Scandinavian_Raceway.svg.png
48,"IMSA SportsCar ChampionshipMobil 1 SportsCar Grand Prix(1975–1977, 1980–1985, 1989–1992, 1995–2019, 2022)NASCAR Pinty's SeriesClarington 200(1962, 1966–1968, 1974, 1978, 1991–1992, 1996, 1998–2019, 2021–present)Former:Formula OneCanadian Grand Prix (1961–1967, 1969, 1971–1974, 1976–1977)Grand Prix motorcycle racingCanadian motorcycle Grand Prix (1967)Can-AmMosport Can-Am (1966–1967, 1969–1974, 1977–1986)USAC Indy CarTelegraph Trophy 200 / Molson Diamond Indy(1967–1968, 1977–1978)World SBK (1989–1991)NASCAR Truck SeriesChevrolet Silverado 250 (2013–2019)Trans-Am SeriesMosport Trans-Am (1976–1979, 1981, 1984–1997, 1999–2003, 2009–2014)GT World Challenge America(1990–1997, 1999–2012, 2014–2019)",//upload.wikimedia.org/wikipedia/en/thumb/d/d0/Mosport-Logo.png/220px-Mosport-Logo.png
49,"By 1908 international motorsport was conducted at the Circuit Baix Penedès with the Copa Catalunya. In 1923 the first Great automobile Prize of Spain in the permanent Sitges Terramar circuit was run near Barcelona. In 1932 a race was held on a street circuit with the start in the Montjuïc Park, wooded parkland on a hill above the city's harbour. The course of the 1933 east circuit of that race became the Montjuïc Circuit proper, holding the Penya Rhin Grand Prix.",//upload.wikimedia.org/wikipedia/commons/thumb/b/b7/Montju%C3%AFc_circuit.svg/220px-Montju%C3%AFc_circuit.svg.png
50,"Nivelles-Baulers was a 2.314 mi (3.724 km) race track in Nivelles (in French)/Nijvel (in Dutch) near Brussels, Belgium.",//upload.wikimedia.org/wikipedia/commons/thumb/9/92/Flag_of_Belgium_%28civil%29.svg/23px-Flag_of_Belgium_%28civil%29.svg.png
51,"The Circuit de Charade, also known as Circuit Louis Rosier and Circuit Clermont-Ferrand, is a motorsport race track in Saint-Genès-Champanelle near Clermont-Ferrand in the Puy-de-Dôme department in Auvergne in central France.[1][2] The circuit, built around the base of an extinct volcano, was known for its challenging layout which favored the most skillful drivers and motorcyclists.[1][2] It hosted the French Grand Prix four times and the French motorcycle Grand Prix ten times.",//upload.wikimedia.org/wikipedia/commons/thumb/c/ce/Circuit_Charade_1958_1988.png/250px-Circuit_Charade_1958_1988.png
52,"Can-AmMont-Tremblant Can-Am(1966, 1969–1971, 1977–1978)Trans-AmTrois Heures du Circuit(1968–1971, 1977–1978)USAC Championship CarMont-Tremblant Grand Prix(1967–1968)Grand Am Rolex Sports Car Series6 Hours of Mont-Tremblant(2002–2005)",//upload.wikimedia.org/wikipedia/en/5/51/Circuit_Mont-Tremblant_Logo.gif
53,"From its opening in 1950, Rouen-Les-Essarts was recognized as one of Europe's finest circuits, with modern pits, a wide track, and spectator grandstands. The street circuit (which ran on public roads) had a few medium straights, a cobbled hairpin turn (Nouveau Monde) at the southernmost tip, and a few blind corners through a wooded hillside The appeal was greatly enhanced by the climb from Nouveau Monde at 56 m (184 ft) to Gresil at 149 m (489 ft), with gradients over 9%.",//upload.wikimedia.org/wikipedia/commons/thumb/8/82/Rouen-Les-Essarts.svg/260px-Rouen-Les-Essarts.svg.png
54,"Up to 85% of the lap time is spent on full throttle, putting immense stress on engine and drivetrain components. Additionally, the times spent reaching maximum speed also mean tremendous wear on the brakes and suspension as cars must slow from over 322 km/h (200 mph) to around 100 km/h (62 mph) for the sharp corner at the village of Mulsanne.",//upload.wikimedia.org/wikipedia/en/b/bc/Circuit_des_24_Heures_du_Mans_logo.jpg
55,"Motor racing at Reims started in 1926 with the second Grand Prix de la Marne, relocating the race from the square-shaped 22 km (14 mi) Circuit de Beine-Nauroy east of Reims to Reims-Gueux, west of Reims. The original 7.816 km (4.857 mi) circuit placed the start/finish line on road D27, approximately 1.6 km (0.99 mi) east of the Gueux village center, where it would remain for the duration of the circuit. Gradual improvements in track width to a few sections including the Garenne-Gueux / Thillois corners prior to the 1932 Grand Prix de France contributed to a new published circuit length of 7.826 km (4.863 mi) after which the circuit remained essentially the same until 1937.[3][4]",//upload.wikimedia.org/wikipedia/en/thumb/c/c3/Flag_of_France.svg/23px-Flag_of_France.svg.png
56,"Prince George Circuit is a race circuit in East London in Eastern Cape Province, South Africa. On this course the South African Grand Prix was hosted in 1934, and 1936 to 1939 when racing was halted due to World War II, and then in 1960–1966.",//upload.wikimedia.org/wikipedia/en/thumb/9/99/Question_book-new.svg/50px-Question_book-new.svg.png
57,"The planning of an airfield in the middle of Styria was in 1935. A year later construction works carried on and in the late 1937 the first unit, the Schulgeschwader, was based in Zeltweg. On 13 March 1938 the airfield  was handed over to the German Luftwaffe. They used the station as an instructor base for twin-engine aircraft (e.g. Ju 88, Ju 86, Do 17). In the last months of the World War II the Jagdgeschader 300 was stationed before the Ukraine Army[clarification needed] occupied the region. The airfield was later handed back to the British Government and the 26th Infantry Division and the Royal Air Force were stationed here.In 1955 RAF Station Zeltweg closed and the airfield was transferred back to Austria. Following the lifting of post WWII military restrictions and the re-establishment of the Austrian Armed Forces initial Infantry units were stationed at Zeltweg. During 1956, the first troops of the Austrian Air Force were stationed here.",//upload.wikimedia.org/wikipedia/en/thumb/9/99/Question_book-new.svg/50px-Question_book-new.svg.png
58,"Aintree Motor Racing Circuit is a 3.000 mi (4.828 km) motor racing circuit in the village of Aintree, Metropolitan Borough of Sefton, Merseyside, England. The circuit is located within the Aintree Racecourse and used the same grandstands as horse racing. It was built in 1954 as the ""Goodwood of the North"", hence the fact the two venues had so many things in common. The track was well surfaced and relatively flat – ranging from 49–98 ft (15–30 m) in elevation.",//upload.wikimedia.org/wikipedia/commons/thumb/a/a4/Text_document_with_red_question_mark.svg/40px-Text_document_with_red_question_mark.svg.png
59,"Circuito da Boavista is a street circuit in Porto, Portugal, which was used twice for the Formula One Portuguese Grand Prix. The original course began at the harbor-front ""Esplanada do Rio de Janeiro"", continued on ""Avenida da Boavista"", (hence the circuit's name), and then twisted its way through small neighborhoods back to the start-finish line. ",//upload.wikimedia.org/wikipedia/commons/thumb/2/24/Boavista2.png/250px-Boavista2.png
60,"In the beginning it was originally called The Riverside International Motor Raceway. It was built in early 1957 by a company called West Coast Automotive Testing Corp.. The head of West Coast Auto Testing was a man by the name of Rudy Cleye, from Los Angeles, who had previously raced in Europe. However, the building of the raceway was met with funding difficulties early on and a businessman by the name of John Edgar provided a much needed cash bailout. This action prevented any halt in the track's construction.[5]",//upload.wikimedia.org/wikipedia/en/thumb/b/b4/Ambox_important.svg/40px-Ambox_important.svg.png
61,"The highway is located in the southwestern districts of Berlin, linking the Stadtring at the Funkturm junction in Charlottenburg with Nikolassee. It runs through the Grunewald forest along the historic Königsweg road from Charlottenburg to Potsdam and the parallel Berlin-Blankenheim railway line.",//upload.wikimedia.org/wikipedia/en/thumb/9/99/Question_book-new.svg/50px-Question_book-new.svg.png
62,"Built on parklands, the circuit was considered difficult to drive because it crossed so many different types of surfaces, including tramlines at one point. The track hosted numerous races from 1954 to 1959, but only one race qualified as a Formula One event: the 1959 Portuguese Grand Prix, won by Stirling Moss. He won the race in the twilight hours, since the race was purposely started late in the day to avoid the intense late summer sun.",//upload.wikimedia.org/wikipedia/commons/thumb/d/de/Circuit_Monsanto.png/220px-Circuit_Monsanto.png
63,"Sebring International Raceway is a road course auto racing facility in the southeastern United States, located near Sebring, Florida.",//upload.wikimedia.org/wikipedia/commons/thumb/6/62/Sebring_International_Raceway_logo_%282021%29.svg/220px-Sebring_International_Raceway_logo_%282021%29.svg.png
64,"The 4.724 miles (7.603 km) course was designed by the Royal Automobile Club of Morocco and given a full blessing from Sultan Mohammed V.[1] It took six weeks to construct.[1][2] The site hosted a non-championship F1 race in 1957.[3] On 19 October 1958 the course was the venue for the 1958 Moroccan Grand Prix,[2][4] the final round in the 1958 Formula One season.[5] It was won by Stirling Moss driving a Vanwall,[4][6] completing the 53 laps in 2h 09m 15.1s.[5] Mike Hawthorn driving a Ferrari 246 finished second and in doing so became the first British Formula One World Champion.",//upload.wikimedia.org/wikipedia/commons/thumb/a/a4/Ain-Diab.svg/250px-Ain-Diab.svg.png
65,"The country and town roads used were both narrow and bumpy. Like many long circuits (such as the original Nürburgring and Spa-Francorchamps circuits), Pescara was revered as a fantastic driver's circuit, but also like Spa and the Nürburgring, it was extremely dangerous and unforgiving.",//upload.wikimedia.org/wikipedia/commons/thumb/d/d9/Circuito_di_Pescara.png/250px-Circuito_di_Pescara.png
66,"Bremgarten was built as a motorcycle racing track in 1931 in the Bremgartenwald (Bremgarten forest) in the north of Bern. The circuit itself had no true straight, instead being a collection of high-speed corners. It hosted its first automobile race in 1934, which claimed the life of driver Hugh Hamilton. In 1948 it claimed the life of Italian racer Achille Varzi. From the outset, Bremgarten's tree-lined roads, often poor light conditions and changes in road surface made for what was acknowledged to be a very dangerous circuit, especially in the wet.",//upload.wikimedia.org/wikipedia/commons/thumb/e/e7/Circuit_Bremgarten.svg/250px-Circuit_Bremgarten.svg.png
67,"The Pedralbes Circuit (Spanish: Circuito de Pedralbes) was a 6.333 km (3.935 mi) street racing course in Barcelona, Catalonia, Spain.[4]",//upload.wikimedia.org/wikipedia/commons/thumb/5/59/Circuit_Pedralbes.png/250px-Circuit_Pedralbes.png
68,"The Buddh International Circuit (Hindi: बुद्ध अंतरराष्ट्रीय परिपथ) is an Indian motor racing circuit situated in National Capital Region at Greater Noida, Uttar Pradesh.[2] The track shares its name with Gautama Buddha, as does the district the track is located in.",//upload.wikimedia.org/wikipedia/commons/2/26/Buddh_Circuit_1.svg
69,"Circuit of the Americas (COTA) is a Grade 1[1] FIA-specification 3.426-mile (5.514 km) motor racing track and facilities located within the extraterritorial jurisdiction of Austin, Texas, in the United States. The facility is home to the Formula One United States Grand Prix, NASCAR's Texas Grand Prix, and the Motorcycle Grand Prix of the Americas,[2] a round in MotoGP. It previously hosted the Australian V8 Supercars,[3] the Americas Rallycross Championship, the American Le Mans Series,[4] the Rolex Sports Car Series,[5] the FIA World Endurance Championship,[6] the IMSA WeatherTech SportsCar Championship and the IndyCar Classic. ",//upload.wikimedia.org/wikipedia/commons/a/a5/Austin_circuit.svg
70,"The Red Bull Ring is a motorsport race track in Spielberg, Styria, Austria. The race circuit was founded as Österreichring (translation: Austrian Circuit) and hosted the Austrian Grand Prix for 18 consecutive years, from 1970 to 1987. It was later shortened, rebuilt and renamed the A1-Ring (A Eins-Ring), and it hosted the Austrian Grand Prix again from 1997 to 2003. When Formula One outgrew the circuit, a plan was drawn up to extend the layout.",//upload.wikimedia.org/wikipedia/commons/4/4e/Spielberg_bare_map_numbers_contextless_2021_corner_names.svg
71,"The circuit runs around a former Olympic complex, the Sochi Olympic Park site, scene of the 2014 Winter Olympic Games. The TCR International Series raced at Sochi in 2015 and 2016, with the TCR Russian Series and SMP F4 Championship as support series.[citation needed]",//upload.wikimedia.org/wikipedia/commons/d/d3/Circuit_Sochi.svg
73,"The Baku City Circuit (Azerbaijani: Bakı Şəhər Halqası) is a motor racing street circuit located in Baku, Azerbaijan constructed near Baku Boulevard. A lap of the circuit is 6.003 km (3.730 mi), making it the third-longest circuit on the Formula One calendar (after Circuit de Spa-Francorchamps and Jeddah Street Circuit). The inaugural Formula One race at the circuit was the 2016 European Grand Prix and its support events.",//upload.wikimedia.org/wikipedia/commons/thumb/f/f1/Baku_Formula_One_circuit_map.svg/300px-Baku_Formula_One_circuit_map.svg.png
75,"The Algarve International Circuit (Portuguese: Autódromo Internacional do Algarve), commonly referred to as Portimão Circuit, is a 4.653 km (2.891 mi) race circuit located in Portimão, Algarve region, Portugal. The development includes a karting track, off-road track, technology park, five-star hotel, sports complex and apartments.[1]",//upload.wikimedia.org/wikipedia/commons/0/0a/Aut%C3%B3dromo_do_Algarve_F1_Sectors.svg
76,"Mugello Circuit (Autodromo Internazionale del Mugello) is a race track in Scarperia e San Piero, Florence, Tuscany, Italy. The circuit length is 5.245 km (3.259 mi). It has 15 turns and a 1.141 km (0.709 mi) long straight.[1] The circuit stadium stands have a capacity of 50,000.",//upload.wikimedia.org/wikipedia/commons/thumb/3/38/Mugello_Racing_Circuit_track_map_15_turns.svg/250px-Mugello_Racing_Circuit_track_map_15_turns.svg.png
77,"The Jeddah Corniche Circuit[3] (Arabic: حلبة كورنيش جدة) is a 6.174 km (3.836 mi) motor racing circuit built in the Red Sea port city of Jeddah, in Saudi Arabia. The circuit staged the inaugural Saudi Arabian Grand Prix on 5 December 2021 as the penultimate race on the 2021 Formula One season calendar.[4]",//upload.wikimedia.org/wikipedia/commons/4/4c/Jeddah_Street_Circuit_2021.svg
78,"Built in just under a year by 1,000 workers at the cost of US$58 million, the track opened in 2004, named Losail International Circuit, to the inaugural 2004 Qatar motorcycle Grand Prix, won by Sete Gibernau.[2]",//upload.wikimedia.org/wikipedia/commons/thumb/4/4c/Losail.svg/250px-Losail.svg.png
79,"The Miami International Autodrome is a purpose-built temporary circuit around Hard Rock Stadium and its private facilities in the Miami suburb of Miami Gardens, Florida. The track is 3.363 mi (5.412 km) long and features 19 corners with an anticipated average speed of around 139 mph (223 km/h). The track was designed and delivered by Formula One track designers, Apex Circuit Design, for the Miami Grand Prix, which was added to the Formula One calendar for the 2022 World Championship.[2][3][4][5]",//upload.wikimedia.org/wikipedia/commons/thumb/4/49/Hard_Rock_Stadium_Circuit_2022.svg/300px-Hard_Rock_Stadium_Circuit_2022.svg.png
